2,loa,2,1
3,Lānaʻi,3,1
4,ua,2,1
7,i,2,1
8,pōhaku,2,1
10,mau,2,1
11,lālani,2,1
12,o,2,1
13,Hawaiʻi,2,1
15,oʻu,2,1
16,mākua,2,1
17,kēia,2,1
18,hōʻoia,2,1
19,ʻike,2,1
20,meheu,2,1
21,hanauna,2,1
22,wāwae,2,1
23,ma,2,1
24,ke,2,1
25,nui,2,1
26,ala,2,1
28,nūpepa,2,1
29,ʻia,2,1
30,mele,2,1
31,akamai,2,1
32,ʻōlelo,2,1
33,mea,2,1
34,mua,2,1
35,iā,2,1
36,ia,2,1
37,a,2,1
38,ona,2,1
39,me,2,1
40,aia,2,1
41,lāhui,2,1
42,kanaka,2,1
44,maʻa,2,1
45,hele,2,1
46,like,2,1
47,nō,2,1
48,ʻo,2,1
49,kapuaʻi,2,1
52,"auē, auwē",2,1
54,mai,2,1
55,kākou,2,1
56,e,2,1
58,hoaaloha,2,1
59,pehea,2,1
60,ʻoukou,2,1
61,lā,2,1
62,laki,2,1
63,au,2,1
64,kekahi,2,1
65,nehinei,2,1
66,ʻana,2,1
68,kōlea,2,1
69,kaʻu,2,1
70,hana,2,1
71,hauʻoli,2,1
72,lohe,2,1
73,paha,2,1
74,gimbap,3,1
75,huaʻōlelo,2,1
76,limu,2,1
77,(porphyra),3,1
78,gim,3,1
79,manaʻo,2,1
80,bap,3,1
81,ʻano,2,1
82,Kepanī,2,1
84,norimaki,3,1
85,hoʻokomo,2,1
86,"wīneka, vinega",2,1
87,ʻaila,1,1
88,sesamī,2,1
89,loko,2,1
90,akā,2,1
91,ʻokoʻa,2,1
92,ʻono,2,1
93,koʻu,2,1
95,eia,2,1
96,pinepine,2,1
97,poʻe,2,1
98,hale,2,1
99,kūʻai,2,1
100,ʻaina,2,1
101,kaʻaahi,1,1
102,akukuʻu,2,1
103,ʻekolu,2,1
104,"kaukani, tausani",2,1
105,"kālā, dala",2,1
106,"ʻAmelika, America",2,1
107,hoʻokahi,2,1
108,māʻona,1,1
109,ʻiʻo,2,1
110,pipi,2,1
111,laikiraisi,2,1
112,papa,2,1
113,lohi,2,1
114,aʻe,2,1
115,luna,2,1
116,lalo,2,1
117,no,2,1
118,nani,2,1
119,ʻāina,2,1
120,wailele,2,1
121,awāwa,2,1
122,pupuka,2,1
123,ʻole,2,1
124,pali,2,1
125,wahi,2,1
126,waiwai,2,1
127,kalo,2,1
128,mahalo,2,1
129,akua,2,1
130,kū,2,1
131,noʻonoʻo,2,1
132,hope,2,1
133,wahine,2,1
134,ʻoe,2,1
135,hiamoe,2,1
136,i hea,2,1
137,kuʻu,2,1
138,poina,2,1
139,iaʻu,2,1
140,haʻalele,2,1
141,ʻaʻole,2,1
142,heluhelu,2,1
143,walaʻau,2,1
144,pakele,2,1
145,lani,2,1
146,ʻānela,2,1
147,iho,2,1
148,kuahiwi,2,1
149,loaʻa,2,1
150,aʻo,2,1
151,hua,2,1
152,kōpaʻa,2,1
153,moʻolelo,2,1
154,kākau,2,1
155,makahiki,2,1
156,kākoʻo,1,1
157,paipai,2,1
158,manawa,2,1
159,huakaʻi,2,1
160,aku,2,1
161,mokupuni,2,1
162,kā,2,1
163,holo,2,1
164,ana,2,1
165,moku,2,1
166,ʻeono,2,1
167,nei,2,1
168,hiki,2,1
169,liʻiliʻi,2,1
170,wale,2,1
171,mile,2,1
172,laulā,1,1
173,kaʻawale,2,1
174,Maui,2,1
175,Molokaʻi,2,1
176,hoʻi,2,1
177,inoa,2,1
178,kahi,2,1
179,kiʻekiʻe,2,1
180,ʻIvanahō,3,1
181,Sir,3,1
182,Walter,3,1
183,Scott,3,1
184,hoʻoponopono,2,1
185,hōʻano hou,2,1
186,hou,2,1
187,Antonio,3,1
188,kula,2,1
189,ʻoihana,2,1
190,like ʻole,2,1
191,hoʻomohala,2,1
192,haʻawina,2,1
193,holomua,2,1
194,pōʻaiapili,1,1
195,maka,2,1
196,puke,2,1
197,wehewehe,2,1
198,ʻahaʻōlelo,1,1
199,mokuʻāina,1,1
200,keʻena,2,1
201,inā,2,1
202,makemake,2,1
203,pahuhopu,1,1
204,lūlū,1,1
205,kālā,2,1
206,manawaleʻa,2,1
207,hoʻouna,2,1
208,University,3,1
209,of,3,1
210,hōʻike,2,1
211,kaʻao,2,1
212,hoʻomaka,2,1
213,ʻōpiopio,2,1
214,hopena,2,1
215,ʻEnelani,2,1
216,keʻa,1,1
217,kaua,2,1
218,kerusade,2,1
219,Palesetina,2,1
220,mōʻī,2,1
221,wiwo,1,1
222,unuhi,2,1
223,ko,2,1
224,mākou,2,1
225,laila,2,1
226,luhi,1,1
227,mokuna,2,1
228,kamaʻilio,2,1
229,Pepeluali,2,1
230,uku,2,1
231,lākou,2,1
232,puaʻa,2,1
233,ahiahi,2,1
234,kēlā,2,1
235,ʻokana,1,1
236,ʻoluʻolu,2,1
237,muliwai,2,1
238,Dona,3,1
239,wā,2,1
240,kahiko,2,1
241,hapa,2,1
242,hoʻopulu,1,1
243,puʻu,2,1
244,waena,2,1
245,kaona,2,1
246,Donekesata,3,1
247,ululāʻau,1,1
248,nunui,2,1
249,ʻaneʻi,2,1
250,holoholo,2,1
251,ai,2,1
252,i,2,2
253,he,2,1
254,maikaʻi,2,1
255,ʻoiai,2,1
256,puni,1,1
257,nā,2,1
258,mikionele,2,2
260,Larry,3,1
261,Kimura,3,1
262,na,2,1
263,kuhikuhi,2,1
264,mānaleo,2,1
265,nīnauele,2,1
266,Kamehameha,3,1
267,II,3,1
268,naʻauao,2,1
269,kūpuna,2,1
270,ola,2,1
271,kupuna,2,1
272,makamae,2,1
273,uka,2,1
274,kai,2,1
275,hāmama,2,1
276,waele,2,1
277,loli,2,1
278,hahai,1,1
279,kumuwaiwai,1,1
280,wānana,1,1
281,kūpono,2,1
282,pēlā,2,1
283,mālama,2,1
284,ʻimi,2,1
285,koe,2,1
286,hea,2,1
287,kumuhana,2,1
288,mikionele,2,1
289,palapala,2,1
290,koke,2,1
291,ihola,2,1
292,ʻapo,2,1
293,hoʻolaʻa,2,1
294,hoʻomanaʻo,2,1
295,kahu,2,1
296,hānai,2,1
297,Kahaʻikauila,3,1
298,Punahoa,3,1
299,Kapaʻahu,3,1
300,Konanui,3,1
301,muli,2,1
302,hānau,2,1
303,Malaki,2,1
304,hala,2,1
305,ʻOkakopa,2,1
306,hoʻomaikaʻi,2,1
307,hāʻawi,2,1
308,Professor,3,1
309,Charles,3,1
310,Langlas,3,1
311,kulanui,2,1
312,kōkua,2,1
313,hoʻokō,2,1
314,papahana,2,1
315,Hoʻākāka,2,1
316,hoʻāʻo,1,1
317,maopopo,2,1
318,noho,2,1
319,aʻu,2,1
320,huli,2,1
321,hū,2,1
322,aʻela,2,1
323,hāloʻiloʻi,2,1
324,waimaka,2,1
325,ʻohana,2,1
326,pū,2,1
327,makaʻāinana,2,1
328,haʻi,2,1
329,Mrs,3,1
330,kamaliʻi,2,1
331,neʻe,2,1
332,Honolulu,2,1
333,akula,2,1
334,Kapalakiko,1,1
335,haole,2,1
336,hoʻomaha,2,1
337,kūkulu,2,1
338,pele,2,1
339,Kīlauea,2,1
340,uhi,2,1
341,home,2,1
342,ʻauheʻe,2,1
343,pau,2,1
344,ʻē,2,1
345,ʻauana,2,1
346,kahe,2,1
347,makamua,2,1
348,kāna,2,1
349,kūlana,1,1
350,haumāna,2,1
351,kauhi,3,1
352,puna,2,1
353,hilo,2,1
354,ʻaʻo,3,1
355,hoihoi,2,1
356,noi,2,1
357,hoʻopaʻa,2,1
358,lipine,2,1
359,ʻae,2,1
360,māua,2,1
361,hoʻopau,2,1
362,kōmike,2,1
363,hoʻokumu,1,1
364,Committee,3,1
365,for,3,1
366,the,3,1
367,Preservation,3,1
368,and,3,1
369,Study,3,1
370,Hawaiian,3,1
371,Art,3,1
372,Language,3,1
373,Culture,3,1
374,ʻaoʻao,2,1
375,hoʻololi,2,1
376,iki,2,1
377,hewa,2,1
378,kāpae,2,1
379,pela,2,1
380,puana,2,1
381,Ms,3,1
382,leila,3,1
383,Kaweha,3,1
384,mā,2,1
385,hopunaʻōlelo,1,1
386,kaila,2,1
387,wau,2,1
388,JNO,3,1
389,M,3,1
390,kāpena,2,1
391,haʻahaʻa,2,1
392,maila,2,1
393,waiho,2,1
394,nāna,2,1
395,Sefila,3,1
396,hanohano,2,1
397,Wenewota,3,1
398,Wanalife,3,1
399,Rotehama,3,1
400,deragona,1,1
401,kupua,1,1
402,Wenale,3,1
403,hoʻouka,1,1
404,weliweli,1,1
405,kīvila,2,1
406,Rose,3,1
407,pūʻali,2,1
408,hoʻopūnana,1,1
409,kaulana,2,1
410,hōʻole,2,1
411,kānāwai,2,1
412,aliʻi,2,1
413,Rikeke,2,1
414,pio,1,1
415,lōʻihi,2,1
416,ake,1,1
417,manaʻolana,1,1
418,hoʻonele,1,1
419,luahi,1,1
420,Setepano,3,1
421,Heneri,3,1
422,hoʻoemi,2,1
423,mana,2,1
424,aupuni,2,1
425,kuleana,2,1
426,kiʻi,2,1
427,hoʻākea,1,1
428,hoʻomāhuahua,1,1
429,koa,2,1
430,hoʻolilo,1,1
431,hoʻoikaika,2,1
432,poʻo,2,1
433,lilo,2,1
434,feranekelina,3,1
435,pono,2,1
436,akāka,1,1
437,naʻe,2,1
438,ponoʻī,2,1
439,nāwaliwali,1,1
440,haku,2,1
441,nānā,2,1
442,malumalu,1,1
443,kūlike,2,1
444,William,3,1
445,Wilson,3,1
446,H,3,1
447,kumu,2,1
448,hoʻolohe,2,1
449,ʻelua,2,1
450,walewaha,2,1
451,pili,2,1
452,ʻāpana,2,1
453,Emma,3,1
454,Kapūnohuʻulaokalani,3,1
455,mahina,2,1
456,ʻApelila,2,1
457,ʻumikūmāiwa,2,1
458,kanaiwa,2,1
459,male,2,1
460,hoʻokūʻonoʻono,1,1
461,kāhea,2,1
462,hikina,2,1
463,heiau,2,1
464,emi,2,1
465,hōʻea,2,1
466,kūkū,2,1
467,pana,2,1
468,makuakāne,2,1
469,W,3,1
470,J,3,1
471,Stone,3,1
472,makuahine,2,1
473,kaikunāne,2,1
474,pālama,2,1
475,kapukapu,2,1
476,kapu,2,1
477,kamaʻāina,2,1
478,halepule,3,1
479,Father,3,1
480,Damien,3,1
481,Church,3,1
482,mākaʻikaʻi,2,1
483,ʻumikūmāwalu,2,1
484,kanaonokūmāwalu,2,1
485,kohu,2,1
486,kimeka,2,1
487,ʻākoʻakoʻa,2,1
488,paia,2,1
489,kanawalukūmāwalu,2,1
490,wai,2,1
491,ʻauʻau,2,1
492,Queenʻs,3,1
493,Bath,3,1
494,māpuna,2,1
495,huaʻi,1,1
496,luʻu,2,1
497,piʻi,2,1
498,hapakai,2,1
499,moʻo,2,1
500,kiaʻi,2,1
501,malihini,2,1
502,keiki,2,1
503,moʻopuna,2,1
504,kuakahi,2,1
505,kualua,2,1
506,Kalapana,3,1
507,Māmona,2,1
508,Kalawina,2,1
509,pule,2,1
510,Kākōlika,2,1
511,Star,3,1
512,Sea,3,1
513,ʻoi,2,1
514,ʻaʻohe,2,1
515,kāmaʻa,2,1
516,lako,2,1
517,kahakai,2,1
518,meaʻai,2,1
519,paʻakai,2,1
520,mahi ʻai,2,1
521,Mahiʻai,2,1
522,maʻū,1,1
523,ulu,2,1
524,meakanu,2,1
525,lawaiʻa,2,1
526,moloā,2,1
527,pāʻani,2,1
528,kāu,2,1
529,ʻā,2,1
530,hoʻohuli,2,1
531,holoholona,2,1
532,kāne,2,1
533,wāhine,2,1
534,hoʻomaʻemaʻe,2,1
535,pōloli,1,1
536,kou,2,1
537,ʻōpū,2,1
538,nele,2,1
539,pololei,2,1
540,pilikia,2,1
541,hui,2,1
542,mihi,2,1
543,maluhia,2,1
544,hōʻailona,2,1
545,makani,2,1
546,ōlaʻi,2,1
547,pua,2,1
548,pūnāwai,2,1
549,Punaluʻu,3,1
550,māhele,2,1
552,ʻala,2,1
553,ʻumikūmāono,2,1
554,honua,2,1
555,Mōʻīwahine,2,1
556,Liliʻuokalani,3,1
557,Ypsilanti,3,1
558,Michigan,3,1
559,iwakāluakūmālua,2,1
560,Martha,3,1
561,Hālaulani,3,1
562,Hawaii,3,1
563,piha,2,1
564,kanaiwakūmāhiku,2,1
565,pelekikena,2,1
566,Mckinley,3,1
567,hoʻohui,2,1
568,ʻAmelika,2,1
569,ʻeiwa,2,1
570,kokoke,2,1
571,kaikuaʻana,2,1
572,Luika,3,1
573,māmā,2,1
574,pō,2,1
575,moeʻuhane,2,1
576,kēnā,2,1
577,kakahiaka,2,1
578,kaikoʻeke,2,1
579,Heʻeia,3,1
580,hehi,2,1
581,puka,2,1
582,pōkē,2,1
583,poli,2,1
584,hāpai,2,1
585,pēia,2,1
586,noʻu,2,1
587,hōʻikeʻike,2,1
588,maʻi,2,1
589,make,2,1
590,ʻāpono,2,1
591,ʻuhane,1,1
592,pōmaikaʻi,2,1
593,alakaʻi,2,1
594,kinohi,1,1
595,hoʻomaopopo,2,1
596,pā,2,1
597,David,3,1
598,Marshall,3,1
600,mikanele,2,1
601,kanaono,2,1
602,Wood,3,1
603,Valley,3,1
604,ʻauamo,2,1
605,kua,2,1
606,kuʻi,2,1
607,ʻai,2,1
608,hoʻolewalewa,2,1
609,pola,2,1
610,hoʻomaloʻo,2,1
611,Hoʻokau,2,1
612,hoʻomākaukau,2,1
613,akahai,1,1
614,kāwele,2,1
615,lawe,2,1
616,waho,2,1
617,lānai,2,1
618,holoi,2,1
619,Kapūnohu,3,1
620,oli,2,1
621,leo,2,1
622,pāʻina,2,1
623,hīmeni,2,1
624,kākela,2,1
625,haʻakei,1,1
626,kukuna,1,1
627,ʻōlino,1,1
628,auē,2,1
630,launa,2,1
631,ao,1,1
632,makamaka,2,1
633,kupa,2,1
634,koʻiawe,1,1
635,ʻoiaʻiʻo,2,1
636,hakuʻepa,1,1
637,loko ʻino,1,1
638,one,2,1
639,iʻa,2,1
640,mili,1,1
641,lima,2,1
642,heha,1,1
643,noe,1,1
644,kipa,2,1
645,kanu,2,1
646,ʻino,2,1
647,hē,2,1
648,papahele,2,1
649,halepā,2,1
650,lumi,2,1
651,moe,2,1
652,hoʻokipa,2,1
653,ulana,2,1
654,kapuahi,2,1
655,wahie,2,1
656,ʻopihi,2,1
657,hāliʻi,1,1
658,kaulaʻi,2,1
659,maʻamau,2,1
660,lole,2,1
661,ʻākoakoa,1,1
662,ka,2,1
663,ʻumi,2,1
664,poni,2,1
665,ʻoki,2,1
666,hoʻopōkole,2,1
667,komo,2,1
668,ʻaluʻalu,2,1
669,kaualakō,2,1
670,kaʻa,2,1
671,nīnau,2,1
672,aha,2,1
673,āu,2,1
674,pane,2,1
675,ʻili,2,1
676,ʻehu,2,1
677,lauoho,2,1
678,kilohi,2,1
679,mōakāka,2,1
680,aka,2,1
681,uaki,2,1
682,lāʻau,2,1
683,koho,1,1
684,ʻoʻō,2,1
685,moa,2,1
686,wanaʻao,1,1
687,ʻanakē,2,1
688,ʻanakala,2,1
689,lāua,2,1
690,ʻumikūmālua,2,1
691,hoʻonanea,2,1
692,hoahānau,1,1
693,kuke,2,1
694,kaula,2,1
695,nākiʻi,1,1
696,ihi,1,1
697,Kaipo,3,1
698,ʻupena,1,1
699,pohopoho,2,1
700,kaulaʻili,1,1
701,lio,2,1
702,mālaʻai,2,1
703,pāpale,2,1
704,kākini,2,1
705,ʻēheu,2,1
706,hoʻokani,2,1
707,kī,2,1
708,hōʻalu,2,1
709,nahenahe,2,1
710,hōʻeuʻeu,1,1
711,hākilo,2,1
712,pāhale,1,1
713,ʻoē,2,1
714,mīkini,2,1
715,wili,2,1
716,waiū,2,1
717,Kuliana,3,1
718,Kahilihiwa,3,1
719,ʻelima,2,1
720,kaikamahine,2,1
721,ʻukulele,2,1
722,ipo,2,1
723,kāua,2,1
724,ʻeke,2,1
725,mauʻu,2,1
726,Packard,3,1
727,VonHamm,3,1
728,Young,3,1
729,pālule,1,1
730,Panamā,2,1
731,hoʻopuehu,1,1
732,ʻiliʻili,1,1
733,kahua,2,1
734,lanakila,2,1
735,lei,2,1
737,moʻomeheu,2,1
738,pūlama,2,1
739,koʻikoʻi,2,1
740,waha,2,1
741,haʻilono,1,1
742,kamahaʻo,2,1
743,leka,2,1
744,Dictionary,3,1
745,Mary,3,1
746,Kawena,3,1
747,Pukui,3,1
748,Samuel,3,1
749,Elbert,3,1
750,maoli,2,1
751,hoʻonohonoho,1,1
752,paʻu,1,1
753,ʻonipaʻa,1,1
754,pepa,2,1
755,weluwelu,1,1
756,wahī,1,1
757,pahu,2,1
758,āna,2,1
759,hōʻiliʻili,1,1
760,noke,1,1
761,noiʻi,1,1
762,noelo,2,1
763,waihona,2,1
764,kānaka,2,1
765,ʻokileo,1,1
766,paʻa,2,1
767,polokalamu,2,1
768,lēkiō,2,1
769,kūkā,2,1
770,Niʻihau,2,1
771,kuʻuna,2,1
772,nohona,2,1
773,mahi,1,1
774,Lekikona,2,1
775,mākaukau,1,1
776,hālāwai,2,1
777,hoa,2,1
778,loea,1,1
779,kikoʻī,1,1
780,ʻenehana,2,1
781,maluō,1,1
782,kūkākūkā,2,1
783,Pelekānia,2,1
784,kani,2,1
785,hoʻohawaiʻi,2,1
786,ʻōiwi,1,1
787,ʻohina,2,1
788,hoʻopuka,2,1
789,pūnaewele,1,1
790,Ulukau,3,1
791,ʻelele,1,1
792,lolouila,2,1
793,uila,2,1
794,hoʻohana,2,1
795,kamepiula,2,1
796,wikiō,2,1
797,hoʻokaʻaʻike,1,1
798,kīwī,2,1
799,pāpaho,1,1
800,Māori,2,1
801,Polenekia,2,1
802,kiʻina,1,1
803,nūhou,1,1
804,pilina,2,1
805,hoʻomaluō,1,1
806,panina,1,1
807,hoʻoilina,1,1
808,hoʻomau,2,1
809,mēheuheu,1,1
810,māhuahua,1,1
811,alahula,1,1
812,hoʻolaupaʻi,1,1
813,kuanaʻike,1,1
814,hana noʻeau,1,1
815,noʻeau,1,1
816,hula,2,1
817,makua,2,1
818,kūlohelohe,1,1
819,Isaia,3,1
820,Kealoha,3,1
821,hāʻawipio,1,1
822,kikino,2,1
823,hehele,1,1
824,ō,1,1
825,hamani,2,1
826,hoʻolaha,2,1
827,pepeiao,2,1
828,onaona,1,1
829,ihu,2,1
830,ʻohiʻohi,2,1
831,ili,1,1
832,lepo,2,1
833,momona,2,1
834,malu,1,1
835,puʻuwai,1,1
836,Pelekane,2,1
837,kūkāʻokoʻa,1,1
838,Duke,3,1
839,Wiliama,3,1
840,Noremanadi,2,1
841,Sākona,2,1
842,ʻehā,2,1
843,kūʻēʻē,2,1
844,Noremana,2,1
845,kuʻikahi,1,1
846,kakaʻikahi,1,1
847,aloaliʻi,1,1
848,kauā,1,1
849,huikau,2,1
850,Farani,2,1
851,ʻanekelo,2,1
852,mālie,2,1
853,hoʻokahua,1,1
854,Beritānia,2,1
855,wehe,2,1
856,kūʻē,1,1
857,hoʻokaʻawale,1,1
858,kapoʻo,1,1
859,nalo,1,1
860,haneli,2,1
861,lālā,2,1
862,hohola,1,1
863,nolu,1,1
864,nolunolu,1,1
865,paʻapū,1,1
866,ʻololī,1,1
867,nalowale,2,1
868,kīkeʻekeʻe,1,1
869,kīkeʻe,1,1
870,liʻulā,1,1
871,ʻulawena,1,1
872,pōnaha,1,1
873,ʻāhua,1,1
874,piko,1,1
875,kālai,1,1
876,ʻehiku,2,1
877,huʻe,1,1
878,kauwahi,1,1
879,kahawai,1,1
880,ʻuʻuku,1,1
881,kino,2,1
882,hiʻohiʻona,1,1
883,kuaʻāina,1,1
884,ʻeʻepa,1,1
885,hūpō,2,1
886,ʻāhiu,2,1
887,lakeke,1,1
888,heleleʻi,1,1
889,hulu,1,1
890,kuli,1,1
891,ākea,2,1
892,pūʻāʻī,1,1
893,hemo,2,1
894,pale,2,1
895,Sekotia,2,1
896,ʻōlohelohe,1,1
897,apo,2,1
898,konu,2,1
899,keleawe,1,1
900,hipa,2,1
901,kiwi,1,1
902,pahi,1,1
903,kūʻau,1,1
904,kia,1,1
905,mānoʻanoʻa,1,1
906,hihia,1,1
907,wela,2,1
908,ʻāʻula,1,1
909,hao,1,1
910,papālina,1,1
911,kaha,1,1
912,hakahaka,2,1
913,ʻāʻī,2,1
914,Guruta,3,1
915,ʻūhā,1,1
916,ʻulaʻula,2,1
917,paniʻo,1,1
918,kūpeʻe lima,1,1
919,kūpeʻe,1,1
920,penei,2,1
921,Wamaba,3,1
922,Witalesi,3,1
923,Cederica,3,1
924,Rotewuda,3,1
925,hoʻohāmama,2,1
926,poʻohiwi,1,1
927,wēlau,1,1
928,leʻaleʻa,1,1
929,ʻeā,2,1
930,ʻauhea,2,1
931,ʻōpio,2,1
932,hoʻolele,2,1
933,hola,2,1
934,ʻewalu,2,1
935,potato,3,1
936,chips,3,1
937,kau,2,1
938,luku,1,1
939,pepehi,2,1
940,kaʻapuni,1,1
941,uahi,2,1
942,uhiwai,2,1
943,mauna,2,1
944,mahana,2,1
945,kapikala,2,1
946,anei,2,1
947,hoʻonaʻauao,1,1
948,uluwehiwehi,2,1
949,kaʻahele,1,1
950,lawa,2,1
951,previous,3,1
952,related,3,1
953,dialogue,3,1
954,places,3,1
955,island,3,1
956,Areas,3,1
957,importance,3,1
958,history,3,1
959,were,3,1
960,discussed,3,1
961,such,3,1
962,birthplace,3,1
963,site,3,1
964,major,3,1
965,battle,3,1
966,campaign,3,1
967,unite,3,1
968,islands,3,1
969,former,3,1
970,capital,3,1
971,kingdom,3,1
973,hear,3,1
974,youʻll,3,1
975,narrative,3,1
976,various,3,1
977,methods,3,1
978,preparing,3,1
979,fish,3,1
980,species,3,1
981,best,3,1
982,suited,3,1
983,each,3,1
984,method,3,1
985,ʻānoni,2,1
986,hāʻukeʻuke,2,1
987,wana,2,1
988,nīoi,1,1
989,maloʻo,2,1
990,naʻau,2,1
991,kōpī,2,1
992,kaka,1,1
993,pūlehu,2,1
994,holoʻokoʻa,2,1
995,unahi,1,1
996,nānahu,2,1
997,lāwalu,1,1
998,lāʻī,2,1
999,kuhikuhinia,1,1
1000,hPUThis,3,1
1001,narration,3,1
1002,dealt,3,1
1003,with,3,1
1004,three,3,1
1005,preparation,3,1
1006,raw,3,1
1007,dry,3,1
1008,cooked,3,1
1009,people,3,1
1010,only,3,1
1011,provides,3,1
1012,sustenance,3,1
1013,nutrition,3,1
1014,but,3,1
1015,also,3,1
1016,enjoyment,3,1
1017,discrimination,3,1
1018,subtle,3,1
1019,differences,3,1
1020,taste,3,1
1021,among,3,1
1022,fishes,3,1
1023,this,3,1
1024,time,3,1
1025,we,3,1
1026,in,3,1
1027,it,3,1
1028,not,3,1
1029,At,3,1
1030,would,3,1
1031,to,3,1
1032,begin,3,1
1033,live,3,1
1034,portion,3,1
1035,guest,3,1
1036,tonight,3,1
1037,is,3,1
1038,Hattie,3,1
1039,longtime,3,1
1040,resident,3,1
1041,General,3,1
1042,topics,3,1
1043,interest,3,1
1044,will,3,1
1045,be,3,1
1046,ʻanoʻai,2,1
1047,anu,2,1
1048,huki,2,1
1049,hoʻāla,2,1
1050,kākaʻikahi,2,1
1051,haʻaheo,2,1
1052,Sam,3,1
1053,hoʻomaʻamaʻa,2,1
1054,kanaonokūmāiwa,2,1
1055,helu,2,1
1056,kelepona,2,1
1057,niu,2,1
1058,maiʻa,2,1
1059,ʻohe,2,1
1060,keʻokeʻo,2,1
1061,makaliʻi,1,1
1062,maʻalahi,2,1
1063,lau,2,1
1064,hoʻihoʻi,1,1
1065,kukū,2,1
1066,kīhae,1,1
1067,ha,3,1
1068,LK,3,1
1069,hPU,3,1
1070,hKA,3,1
1071,hMA,3,1
1072,KS,3,1
1073,Welcome,3,1
1074,first,3,1
1075,tape,3,1
1076,student,3,1
1077,tonightʻs,3,1
1078,presentation,3,1
1079,consists,3,1
1080,between,3,1
1081,girl,3,1
1082,visiting,3,1
1083,friend,3,1
1084,hers,3,1
1085,conversation,3,1
1086,centers,3,1
1087,around,3,1
1088,on,3,1
1089,that,3,1
1090,they,3,1
1091,visit,3,1
1092,discuss,3,1
1093,or,3,1
1094,Four,3,1
1095,Waters,3,1
1096,namely,3,1
1097,as,3,1
1098,well,3,1
1099,other,3,1
1100,wellknown,3,1
1101,are,3,1
1102,mentioned,3,1
1103,alia,2,1
1104,kali,2,1
1105,kala,2,1
1106,kumukūʻai,2,1
1107,mkMC,3,1
1108,kāki,2,1
1109,hoʻolālā,2,1
1110,hoʻēmi,2,1
1111,hapalua,2,1
1112,eight,3,1
1113,thirty,3,1
1114,pm,3,1
1115,sound,3,1
1116,radio,3,1
1117,KCCN,3,1
1118,ʻihiʻihi,2,1
1119,paʻanaʻau,2,1
1120,Yeah,3,1
1121,ʻeleʻele,2,1
1122,ʻālani,2,1
1123,la,3,1
1124,Beautiful,3,1
1125,ok,3,1
1126,PW,3,1
1127,mkIQ,3,1
1128,lihi,1,1
1129,moena,2,1
1130,palupalu,2,1
1131,ʻohi,2,1
1132,paʻakikī,2,1
1133,hoʻopalupalu,2,1
1134,hohoa,1,1
1135,kāheka,1,1
1136,hoʻomaʻū,2,1
1137,pōkole,2,1
1138,lou,2,1
1139,wae,2,1
1140,Oh,3,1
1141,what,3,1
1142,she,3,1
1143,said,3,1
1144,mānoanoa,2,1
1145,lahilahi,2,1
1146,laha,2,1
1147,mamake,2,1
1148,Because,3,1
1149,ʻoāʻoā,1,1
1150,pakēpakē,1,1
1151,So,3,1
1152,pāka,2,1
1153,Task,3,1
1154,Force,3,1
1155,Meeting,3,1
1156,paʻahana,1,1
1157,ʻeleu,2,1
1158,Sweet,3,1
1159,beauty,3,1
1160,kūmaka,1,1
1161,ʻikena,1,1
1162,start,3,1
1163,ʻaumakua,2,1
1164,minamina,1,1
1165,nanea,1,1
1166,lele,2,1
1167,Gabby,3,1
1168,Back,3,1
1169,mkKC,3,1
1170,ʻana,1,2
1171,huaʻōlelo,3,2
1172,ʻakahi,2,1
1173,makaʻala,2,1
1174,kui lei,1,1
1175,kui,2,1
1176,Hardly,3,1
1177,any,3,1
1178,Pilipino,2,1
1179,pololoi,2,1
1180,Legislature,3,1
1181,huina,1,1
1182,Thatʻs,3,1
1183,why,3,1
1184,mkm,3,1
1185,hilahila,2,1
1186,hoʻohenehene,2,1
1187,before,3,1
1188,get,3,1
1189,plenty,3,1
1190,you,3,1
1191,know,3,1
1192,where,3,1
1193,used,3,1
1194,em,3,1
1195,from,3,1
1196,Byebye,3,1
1197,Pākē,2,1
1198,ʻōʻā,2,1
1199,koko,2,1
1200,kauwela,2,1
1201,Kepakemapa,1,1
1202,makapō,2,1
1203,Hānāu,3,1
1204,mamo,1,1
1205,ʻaʻapo,1,1
1206,lapuwale,1,1
1207,mkHB,3,1
1208,think,3,1
1209,ou,2,1
1210,Mary,3,2
1212,uh,3,1
1213,hoʻopōmaikaʻi,2,1
1214,mkAK,3,1
1215,program,3,1
1216,ʻō,2,1
1217,pāhemahema,1,1
1218,hemahema,2,1
1219,luakini,2,1
1220,namu,2,1
1221,makeʻe,1,1
1222,then,3,1
1223,ea,1,1
1224,mkHK,3,1
1225,mkMK,3,1
1226,Kauanoe,3,1
1227,lohelohe,2,1
1228,ʻolua,2,1
1229,Pat,3,1
1230,Unabia,3,1
1231,pila,2,1
1232,HB,3,1
1233,nanahe,1,1
1234,kulaiwi,2,1
1235,Lekikona,3,2
1236,aʻiaʻi,1,1
1237,lauhala,2,1
1238,kauoha,2,1
1239,Oulu,3,1
1240,Kanoe,3,1
1241,Kamoku,3,1
1242,palaoa,2,1
1243,ʻūlika,1,1
1244,palaoa p,2,1
1245,palai,2,1
1246,palaoa mo,2,1
1247,pekelala,2,1
1248,kanawalukūmāono,1,1
1249,Akuna,3,1
1250,Ah,3,1
1251,Hee,3,1
1252,alanui,2,1
1253,hoʻopaʻi,2,1
1254,our,3,1
1255,Beginning,3,1
1256,HV,3,1
1257,reel,3,1
1258,hHB,3,1
1259,eveningʻs,3,1
1260,two,3,1
1261,participate,3,1
1262,students,3,1
1263,dialogues,3,1
1264,involves,3,1
1265,lady,3,1
1266,just,3,1
1267,discussion,3,1
1268,Their,3,1
1269,her,3,1
1270,trip,3,1
1271,attractions,3,1
1272,second,3,1
1273,was,3,1
1274,especially,3,1
1275,written,3,1
1276,song,3,1
1277,entered,3,1
1278,by,3,1
1279,Department,3,1
1280,Parks,3,1
1281,Recreation,3,1
1282,boy,3,1
1283,story,3,1
1284,Contest,3,1
1285,an,3,1
1286,experience,3,1
1287,theirs,3,1
1288,thorny,3,1
1289,bush,3,1
1290,accompanied,3,1
1291,songs,3,1
1292,about,3,1
1293,Kauaʻi,2,1
1294,Tuahine,1,1
1295,Chimes,3,1
1296,pani,1,1
1297,Poʻalua,2,1
1298,composition,3,1
1299,section,3,1
1300,Reverend,3,1
1301,Louis,3,1
1302,Grace,3,1
1303,native,3,1
1304,South,3,1
1305,ʻaʻala,2,1
1306,uʻi,2,1
1307,hh,3,1
1308,naʻu,2,1
1309,hPN,3,1
1310,hālō,1,1
1311,kaha nalu,1,1
1312,nalu,2,1
1313,ʻōpae,1,1
1314,loku,2,1
1315,kūkilakila,1,1
1316,hale ipukukui,1,1
1317,lae,2,1
1318,hānupa,1,1
1319,hānupanupa,1,1
1320,Pacific,3,1
1321,pae,1,1
1322,hoʻolono,1,1
1323,initiated,3,1
1324,talked,3,1
1325,had,3,1
1326,visited,3,1
1327,been,3,1
1328,seemed,3,1
1329,find,3,1
1330,interesting,3,1
1331,accompanying,3,1
1332,both,3,1
1333,ʻeha,2,1
1334,hNA,3,1
1335,hema,2,1
1336,kapakahi,1,1
1337,Cinderella,3,1
1338,hanu,1,1
1339,melemele,1,1
1340,ʻako,1,1
1341,short,3,1
1342,heard,3,1
1343,flower,3,1
1344,thorns,3,1
1345,its,3,1
1346,which,3,1
1347,pricked,3,1
1348,feet,3,1
1349,isnʻt,3,1
1350,impressed,3,1
1351,pretty,3,1
1352,after,3,1
1353,shows,3,1
1354,indeed,3,1
1355,very,3,1
1356,fragrant,3,1
1357,changes,3,1
1358,mind,3,1
1359,words,3,1
1360,music,3,1
1361,members,3,1
1362,took,3,1
1363,third,3,1
1364,prize,3,1
1365,welina,1,1
1366,maliu,1,1
1367,LG,3,1
1368,test,2,2
1369,Iʻm,3,2
1370,eveningʻs,3,2
1371,John,3,1
1372,Oʻahu,2,1
1373,ʻumikumamāiwa,2,1
1374,kanahikukūmālua,2,1
1375,kanahā,2,1
1376,ekalesia,2,1
1377,kono,1,1
1378,Gōlia,3,1
1379,Kāwika,3,1
1380,pilikua,1,1
1381,Paipala,2,1
1382,Kōlia,3,1
1383,ʻehia,2,1
1384,nahā,2,1
1385,ʻekahi,2,1
1386,kāmākoi,2,1
1387,palaʻai,2,1
1388,mīkana,1,1
1389,hēʻī,1,1
1390,papaya,2,1
1391,Annie,3,1
1392,Keohohou,3,1
1393,uea,2,1
1394,kahuna,2,1
1395,Upchurch,3,1
1396,namu paʻi ʻai,1,1
1397,hili,1,1
1398,Molemona,2,1
1400,pelapela,1,1
1401,komo kauhale,1,1
1402,hoʻokae,1,1
1403,Thank,3,1
1404,nou,2,1
1405,Bye,3,1
1406,mālamalama,2,1
1407,Lot,3,1
1408,Kauwē,3,1
1409,k,3,1
1410,puhi,1,1
1411,pāna,1,1
1412,Lydia,3,1
1413,Kekuewa,3,1
1414,pēpē,2,1
1415,paniolo,2,1
1417,waʻa,2,1
1418,awa,2,1
1420,hōʻoiaʻiʻo,2,1
1421,mkKL,3,1
1422,nāpoʻo,2,1
1425,utah,2,1
1426,kapa,2,1
1427,kona,2,1
1428,kamehamehaʻs,3,1
1429,now,3,1
1430,hel,3,1
1431,poke,2,1
1432,main,3,1
1433,kauanoeʻs,3,1
1434,hawaiiana,3,1
1435,aloha,2,1
1436,kūnihi,1,1
1437,kuhi,2,1
1438,lola,2,1
1439,pololoʻi,3,1
1440,mālia,3,1
1441,hoʻākāka,1,1
1442,pololeʻi,3,1
1443,peʻahi,1,1
1444,ʻulu,1,1
1445,pepeʻe,1,1
1446,ʻumikūmākahi,2,1
1447,pāhoehoe,1,1
1448,kāula,1,1
1449,laiki,2,1
1450,wīneka,2,1
1451,kaukani,2,1
1452,htc,3,1
1453,good,3,1
1454,evening,3,1
1455,cover,3,1
1456,points,3,1
1457,hpfhe,3,1
1458,hkn,3,1
1459,hpf,3,1
1460,heʻe,1,1
1461,cornet,3,1
1462,hōkele,2,1
1463,lua,2,1
1464,kahaone,1,1
1465,ikaika,2,1
1466,pālau,1,1
1467,wāwahi,1,1
1468,hahau,1,1
1469,ʻoiʻoi,1,1
1470,polynesian,3,1
1471,cultural,3,1
1472,center,3,1
1473,pūpū,1,1
1474,kawa,1,1
1475,hāmau,1,1
1476,ye,3,1
1477,ʻona,1,1
1478,kahana,1,1
1479,kalihi,1,1
1480,waimānalo,1,1
1481,napking,3,1
1482,ring,3,1
1483,hāwanawana,1,1
1484,ahe,1,1
1485,rēdiō,3,1
1486,nala,2,1
1487,unala,2,1
1488,moʻōlelo,2,1
1489,ē,2,1
1490,hoʻo,3,1
1491,hoʻoma,3,1
1492,kepakemapa,2,1
